id,account,strategy,their_tweet,suggested_reply,created_at
6,@arvidkahl,question,I think this is called Erotic Sexual Denial. https://t.co/HmrGyunmnT,"Without seeing the original tweet context, I can't give you a reply that lands authentically in this conversation.

What was Arvid's tweet actually about? (The screenshot link isn't visible to me.) Once I know the topic — whether it's product strategy, founder psychology, market dynamics, etc. — I can draft a question that shows genuine thinking and fits Supplyn's voice.

Give me the context and I'll nail it.",2026-03-26T16:05
5,@arvidkahl,insight,The people of Reddit have perfected the last-sentence twist. Spectacular. https://t.co/xuNvfPPY4H,"The twist works because Reddit's anonymity kills ego. No personal brand to protect, so people actually say what they think instead of what performs. Twitter's the opposite problem.",2026-03-26T16:05
4,@productschool,disagree,"Diya Jolly built monetization at YouTube, led product at Okta, and now runs product + tech at @Xero  (4M+ customers)

On #TheProductPodcast with @villaumbrosia, she shares PM fundamentals that hold from consumer to enterprise, plus her AI strategy for regulated SMBs

Watch the https://t.co/BLAic2Rlzy","Fundamentals matter, but ""PM fundamentals that hold from consumer to enterprise"" misses the core problem: consumer PMs optimize for engagement. Enterprise PMs optimize for retention. They're solving opposite games. The crossover playbook doesn't exist.",2026-03-26T16:05
3,@ycombinator,insight,".@Sazabi is the AI-native observability platform for fast-moving engineering teams.

Instrument in minutes. Get autonomous, AI-driven alerts. Resolve incidents effortlessly.

Congrats on the launch, @shcallaway!

https://t.co/6vu16MlcnL https://t.co/Dghom6PDAI","Observability platforms solving the wrong problem for most teams.

They're optimising for alert volume when the real bottleneck is: which alerts actually matter to my business outcome right now?

AI here isn't just faster alerts. It's filtering signal from noise.",2026-03-26T16:05
2,@bryan_johnson,humor,"One large psilocybin dose beat nicotine patches by 6x odds for smoking cessation.

82 otherwise-healthy cigarette smokers, 42 received a single high-dose 30mg/70kg psilocybin session, and 40 initiated an 8- to 10-week course of nicotine patch treatment.

At 6 months; participants https://t.co/eOsIHsuwMA","Psilocybin: 1 session, 6x better outcomes.

Nicotine patches: 10 weeks of compliance theatre.

Meanwhile, most people can't stick with a £8/month vitamin D supplement for 3 weeks.

The problem isn't the molecule. It's that we've built health systems around things nobody actually uses.",2026-03-26T15:05
1,@hubermanlab,question,Prioritize training over protein count obsession (yes nutrition still matters but putting training first anchors the nutrition aspect). @foundmyfitness on the Huberman Lab podcast out now https://t.co/vQ9eIWHyF8,"Training quality definitely anchors better outcomes than macro counting. But does the *type* of training matter for protein utilisation? Like, does someone doing hypertrophy work actually need different timing/dose than endurance athletes?",2026-03-26T15:05
